review_text,review_date,review_title,review_stars,review_flavor
prodotto di per s√® eccellente purtroppo durante l'uso diventa molto molle e fragile a causa dei liquidi che si formano pertanto occorre mettere un piatto alto apposito nel fornetto per non sporcarlo che poi dovremo lavare ma allora metto solo il piatto alto no?,Recensito in Italia il 6 gennaio 2024,"5,0 su 5 stelle eccellente ma...","5,0 su 5 stelle",Recensito in Italia il 6 gennaio 2024
"Buon prodotto, utile per non sporcare la friggitrice durante le cotture.Il pi√π economico",Recensito in Italia il 23 gennaio 2024,"5,0 su 5 stelle Pratico ed economico","5,0 su 5 stelle",Recensito in Italia il 23 gennaio 2024
"cuocendo il cibo sulla cartaforno √® pi√π facile pulire la pentola della friggitrice ad aria AIGOSTAR ZANE mantenendola pi√π a lungo, visto che √® impossibile avere un contatto con il venditore e con AMAZON per richiedere i ricambi. Il giorno che l'usura della pentola la render√† inutilizzabile sar√≤ costretto a buttare l'elettrodomestico intero anche se sar√† ancora perfettamente funzionante",Recensito in Italia il 20 gennaio 2024,"4,0 su 5 stelle protezione griglia","4,0 su 5 stelle",Recensito in Italia il 20 gennaio 2024
"Mi sento di consigliarle, consentono di poter cucinare varie pietanze senza dover pulire ogni volta il cestello della friggitrice",Recensito in Italia il 19 gennaio 2024,"5,0 su 5 stelle Comode","5,0 su 5 stelle",Recensito in Italia il 19 gennaio 2024
"Della misura perfetta per la mia friggitrice, per non sporcare pi√π di tanto.",Recensito in Italia il 18 gennaio 2024,"5,0 su 5 stelle Utilissimo","5,0 su 5 stelle",Recensito in Italia il 18 gennaio 2024
Per fare le patate fritte con tutti i forni ad aria. Per cuocere polli ecc. Con pochissimo olio.,Recensito in Italia il 31 dicembre 2023,"5,0 su 5 stelle Vanno bene per risparmiare tempo e pulizia.","5,0 su 5 stelle",Recensito in Italia il 31 dicembre 2023
Peretti per il cestello della mia friggitrice ad aria. Misure indicate in descrizione corretta. Terminati questi li riprendo di sicuro.,Recensito in Italia il 30 dicembre 2023,"5,0 su 5 stelle Ottimo, come da descrizione","5,0 su 5 stelle",Recensito in Italia il 30 dicembre 2023
durante la cottura degli alimenti la carta si restringe. Perch√® ?,Recensito in Italia il 13 gennaio 2024,"4,0 su 5 stelle perch√® si restringe durante la cottira?","4,0 su 5 stelle",Recensito in Italia il 13 gennaio 2024
Ottime!,Recensito in Italia il 17 gennaio 2024,"4,0 su 5 stelle Carta forno friggitrice ad aria","4,0 su 5 stelle",Recensito in Italia il 17 gennaio 2024
"Carta forno perfetta per la friggitrice ad aria ""Fatto in casa da Benedetta"" resistente e capiente. Consigliata",Recensito in Italia il 4 gennaio 2024,"4,0 su 5 stelle Ottima carta forno","4,0 su 5 stelle",Recensito in Italia il 4 gennaio 2024
"Li ho provati con diversi alimenti, sono comodi ed evito cos√¨ di pulire tutte le volte la friggitrice ad aria.Devo dire che alle alte temperature se il recipiente non √® pieno, la carta si accartoccia, e resta difficoltoso girare la pietanza.",Recensito in Italia il 9 dicembre 2023,"4,0 su 5 stelle Comodi","4,0 su 5 stelle",Recensito in Italia il 9 dicembre 2023
"Utili per la cottura in forno, si evita di sporcare la friggitrice, e poi i cibi a mio parere, sono pi√π sicuri riguardo l'igiene.",Recensito in Italia il 9 dicembre 2023,"4,0 su 5 stelle Utilit√†","4,0 su 5 stelle",Recensito in Italia il 9 dicembre 2023
ancora non provata ma per dimensione si adatta alla friggitrice Ariete Airy Fryer XXL 4618,Recensito in Italia il 13 dicembre 2023,"4,0 su 5 stelle misura esatta","4,0 su 5 stelle",Recensito in Italia il 13 dicembre 2023
Buon prodotto.,Recensito in Italia il 18 dicembre 2023,"4,0 su 5 stelle Carta Forno","4,0 su 5 stelle",Recensito in Italia il 18 dicembre 2023
"veramente ottime,rivestono bene il cassetto",Recensito in Italia il 11 gennaio 2024,"5,0 su 5 stelle carta quadra per friggitrice","5,0 su 5 stelle",Recensito in Italia il 11 gennaio 2024
Sono utilissimi evitano di ingrassare la friggitrice e nn √® poco,Recensito in Italia il 28 dicembre 2023,"5,0 su 5 stelle Molto utile","5,0 su 5 stelle",Recensito in Italia il 28 dicembre 2023
"Perfette, consiglio. Le ricomprer√≤ sicuramente!",Recensito in Italia il 3 gennaio 2024,"5,0 su 5 stelle Perfetti","5,0 su 5 stelle",Recensito in Italia il 3 gennaio 2024
Sono molto pratici non sporchi nulla üòÅ,Recensito in Italia il 28 dicembre 2023,"5,0 su 5 stelle Pratici","5,0 su 5 stelle",Recensito in Italia il 28 dicembre 2023
Di ottima qualit√†.,Recensito in Italia il 28 dicembre 2023,"5,0 su 5 stelle Ottime vaschette","5,0 su 5 stelle",Recensito in Italia il 28 dicembre 2023
"Ottimo prodotto, durante la cottura impedisce che la friggitrice si sporchi eccessivamente",Recensito in Italia il 18 dicembre 2023,"5,0 su 5 stelle BALITTA Carta Forno Per Friggitrice Ad Aria Quadrata 20-24cm","5,0 su 5 stelle",Recensito in Italia il 18 dicembre 2023
Pulire la friggitrice ad aria √® sempliceCos√¨ me lo posso risparmiare quando metto dentro due crocchette,Recensito in Italia il 5 dicembre 2023,"5,0 su 5 stelle Scelta azzeccata","5,0 su 5 stelle",Recensito in Italia il 5 dicembre 2023
"La carta √® utile , aiuta a tenere la friggitrice pulita",Recensito in Italia il 25 novembre 2023,"5,0 su 5 stelle Utile, √® comoda","5,0 su 5 stelle",Recensito in Italia il 25 novembre 2023
"Praticamente perfetti ,da consigliare vivamente üëç",Recensito in Italia il 23 novembre 2023,"5,0 su 5 stelle üëçOttimo prodotto","5,0 su 5 stelle",Recensito in Italia il 23 novembre 2023
Dimensioni giuste per friggitrice ad aria da 6 litri,Recensito in Italia il 16 novembre 2023,"5,0 su 5 stelle Perfette","5,0 su 5 stelle",Recensito in Italia il 16 novembre 2023
Buon prodotto !,Recensito in Italia il 21 novembre 2023,"5,0 su 5 stelle Carta forno Balitta","5,0 su 5 stelle",Recensito in Italia il 21 novembre 2023
üëå,Recensito in Italia il 23 novembre 2023,"5,0 su 5 stelle ok","5,0 su 5 stelle",Recensito in Italia il 23 novembre 2023
Buono x la friggitrice ad aria,Recensito in Italia il 3 novembre 2023,"5,0 su 5 stelle Per l'uso che ne vuoi fare","5,0 su 5 stelle",Recensito in Italia il 3 novembre 2023
"Ho voluto provare questa carta forno sagomata per la mia friggitrice ad aria, per cucinare determinati cibi e, lo ammetto, anche per evitare di dover pulire il cestello ad ogni utilizzo. Devo dire che mi sono trovato molto bene.Il prodotto arriva confezionato in una custodia di plastica rigida sagomata che mantiene protetti gli stampi di carta. Se riuscite a togliere le graffette senza spaccarla √® molto pratica per conservare i fogli ben protetti.La carta corrisponde perfettamente alle dimensioni del cestello della mia friggitrice ad aria (20x20cm circa). Risulta essere perfettamente impermeabile e svolge bene il suo ruolo, soprattutto √® comoda per non dover diventare matti ogni volta a grattare il fondo della friggitrice per cibi che sporcano tanto, rischiando anche di rovinare il rivestimento del cestello.Da migliorare il mantenimento della rigidit√† e della forma dopo la cottura delle pietanze, perch√© a causa del calore e del condimento del cibo perde un po' la forma e i bordi dello stampo, inizialmente ben definiti, tendono un po' ad afflosciarsi.Tuttavia direi consigliatissimi anche per chi non possiede una friggitrice ad aria; possono essere utilizzati anche per altri elettrodomestici come microonde e forni tradizionali, con risultati soddisfacenti.",Recensito in Italia il 30 ottobre 2023,"4,0 su 5 stelle Perfetti per la mia friggitrice ad aria","4,0 su 5 stelle",Recensito in Italia il 30 ottobre 2023
"Sottili ma comunque resistenti, utili per cuocere i cibi nella friggitrice ad aria senza sporcare troppo. Inoltre la parte plissettata consente di adattarle al cestello.√à presente il marchio CE ed il monogramma relativo all‚Äôidoneit√† per il contatto con i cibi.IMPORTANTE: non inserire la vaschetta nela cestello nella fase di preriscaldo senza il cibo all‚Äôinterno e non superare i 250¬∞ nella cottura.Spero di aver chiarito qualche dubbio a chi √® incuriosito da questo articolo.Aggiorner√≤ nel tempo la recensione",Recensito in Italia il 1 novembre 2023,"4,0 su 5 stelle Buon rapporto qualit√†/quantit√†/prezzo. Pu√≤ andare in xiaomi airfryer 3,5L","4,0 su 5 stelle",Recensito in Italia il 1 novembre 2023
"Consiglio vivamente l'acquisto di questo prodotto a tutti. Ormai per praticit√† tutti noi utilizziamo nel quotidiano almeno una volta la friggitrice ad aria che in pochissimo tempo ci consente di preparare tante pietanze. Questi cestini si adattano perfettamente a svariate friggitrici ed avendo i bordi rialzati contengono bene il cibo all'interno. In questo modo anche le operazioni di pulizia del cestello sono senza dubbio facilitate. Il cibo viene cotto perfettamente, non si attacca e non subisce contaminazioni. Infatti √® tutto realizzato con prodotti naturali sicuri per gli alimenti. Un articolo da comprare e ricomprare.",Recensito in Italia il 9 dicembre 2023,"5,0 su 5 stelle Cestini carta forno per friggitrice ad aria OTTIMI!","5,0 su 5 stelle",Recensito in Italia il 9 dicembre 2023
"Comoda carta forno quadrata, con dimensioni di 20cm fino ad arrivare a 24 se piegata, con ben 120 pezzi in confezione utile per lavori veloci, e non perdere tempo a ritagliare i classici fogli di carta forno che non avendo i bordi fanno un lavoro mediocre, mentre questi gia a forma di cesto riescono a far cuocere gli alimenti in modo corretto, ci cucino anche i cornetti al mattino, oltre alle patatine fritte, la qualit√† del prodotto √® eccellente e va bene per qualsiasi alimento, la confezione e compatta e si conserva in ogni formato di cassetto senza necessitare di eccessivo spazio.",Recensito in Italia il 23 novembre 2023,"5,0 su 5 stelle Carta forno per friggitrice ad aria","5,0 su 5 stelle",Recensito in Italia il 23 novembre 2023
"√à da poco tempo che ho scoperto questa utile tipologia di carta forno e mi dico che peccato non averle potute avere prima, quando molti anni fa ho iniziato a utilizzare le prime friggitrici ad aria.Se fossero esistiti allora avrei evitato di rovinare con la cottura il cestello della mia prima friggitrice.Ho ordinato questi contenitori per utilizzarli principalmente nella mia friggitrice ad aria, ma possono essere tranquillamente utilizzati anche nei forni normali, nel microonde oppure nelle padelle, per cuocere senza grassi.La confezione arriva ben sigillata/spillata e contiene ben 120 pezzi.Questi contenitori, usa e getta, sono realizzati in materiale naturale adatto agli alimenti e alle alte temperature (temperatura massima consigliata 220 C¬∞).Generosi come misure e si adattano perfettamente a qualsiasi friggitrice ad aria.Sono un po‚Äô sottili come consistenza, ma si pu√≤ ovviare , in caso di alimenti un po‚Äô pesanti, utilizzandone due o pi√π insieme, tanto con 120 pezzi non si rischia di esaurire la scorta! ;-)Buono il rapporto qualit√†/quantit√†/prezzo che attualmente prevede anche un coupon di sconto del 20%.",Recensito in Italia il 26 ottobre 2023,"4,0 su 5 stelle 120 contenitori in carta forno quadrati: utili per friggitrici ad aria e non solo.","4,0 su 5 stelle",Recensito in Italia il 26 ottobre 2023
"Uso questi fogli di carta forno ogni volta che uso la friggitrice ad aria, con qualsiasi cibo. Con il loro aiuto si evita di rovinare il cestello, di doverlo lavare tra due preparazioni differenti, il cibo non si attacca e per pulire la friggitrice basta una spugnetta umida.E' possibile cuocere cibi fino a 220¬∞ di temperatura e il cibo non si attacca!Consigliatissimo",Recensito in Italia il 25 ottobre 2023,"4,0 su 5 stelle Carta forno per friggitrice ad aria","4,0 su 5 stelle",Recensito in Italia il 25 ottobre 2023
"Ciao am√¨sQuesta carta forno da friggitrice √® comoda se non volete sporcare il cassetto, tipo con cibi grassi, io l‚Äôho presa per la mia friggitrice marca MasterChef con cassetto quadrato da 5,5 lt ci sta perfettamente.Regge fino ad una temperatura di 220¬∞ (credo che oltre questa temperatura non arrivano le friggitrici ad aria)Praticamente il materiale √® la classica carta forno ma con la forma ed altezza per la friggitrice ad aria.‚ú≥Ô∏èCONCLUSIONI: Consiglierei questa carta forno per friggitrice ad aria? Si!Perch√© sono comodi per non sporcare il cassetto friggitrice ad aria con quei cibi molto grassi o sporchevoli, dopo l‚Äôutilizzo butti via e non ci pensi pi√π.Spero che la mia recensione possa esservi stata utileBuon shopping a tutti voi",Recensito in Italia il 27 ottobre 2023,"4,0 su 5 stelle Carta forno per friggitrice, comoda da utilizzare","4,0 su 5 stelle",Recensito in Italia il 27 ottobre 2023
"Ho ordinato il prodotto per evitare di usare fogli spiegazzati di carta forno nella mia friggitrice ad aria.La confezione contiene la bellezza di 120 pezzi che copriranno ampieamente 1 anno di utilizzo.I contenitori usa e getta resistono alle alte temperature fino a 220 C¬∞ (la mia friggitrice arriva a 200 C¬∞) e dovrebbero essere adatti a cestelli di 5-7 litri con dimensioni 20-24cm.Si adattano perfettamente al cestello anche se sembrano un po‚Äô sottili rispetto alla classica carta forno , devo ancora capire se sono comunque resistente con alimenti che magari perdono liquidi e grasso.Mi ritengo soddisfatto dell'acquisto e il rapporto qualit√†/numero/prezzo √® ottimo.Consigliatissimo!",Recensito in Italia il 29 ottobre 2023,"5,0 su 5 stelle Ottimi cestelli per Friggitirce ad aria","5,0 su 5 stelle",Recensito in Italia il 29 ottobre 2023
"Impossibile caricare il contenuto multimediale. ‚ò¢Ô∏è ATTENZIONE ‚ò¢Ô∏è""Bene, ora che ho la tua attenzione üôà, volevo solo farti sapere che non devi dubitare della mia recensione solo perch√© vedi scritto ""recensione di un prodotto gratuito"".Questo perch√©, per essere arrivato a questo punto ed aver ricevuto l'invito al programma VINE, non √® stato semplice, ma ho dedicato molto impegno e sudore, e questo privilegio pu√≤ essere revocato in qualsiasi momento. Pertanto, qui sotto troverai:- Un testo di facile comprensione.- Verit√†, onest√† e un pizzico della mia pignolezza.- Tranquilli, non esiter√≤ a dirvi se un prodotto rappresenta solo una perdita di soldi o no.""üé¨üé• Cosa c'√® nel video in allegato? üé•üé¨‚Ä¢ Unboxing del prodotto.‚Ä¢ Vi andr√≤ a far vedere come risultano veramente utili, andando a cucinare del pollo nella friggitrice ad aria.üìù Mi preme farvi sapere che:1. 120 pezzi vi dureranno veramente tanto tempo.2. Mi raccomando di controllare la dimensione della vostra friggitrice prima di acquistarle, queste hanno una dimensione tra i 20 e 24 cm.3. Resistenza a 220 gradi √® anche troppo, dato che la maggior parte delle friggitrici arriva fino a 200.4. Risultano veramente comode e utili per non dover sporcare la friggitrice ogni volta che si cucina qualcosa.‚≠ê Esperienza d'utilizzo!Come avete visto dal video, io utilizzo queste ciotole di carta da forno ancora prima di avere queste.Ovviamente le ho prese una seconda volta, perch√© le uso spesso e sono veramente molto utili.Sono utili principalmente perch√© riescono a proteggere da grasso, olio, briciole e tutto quello che ne sussegue dal cucinare all'interno della friggitrice, senza dover per forza lavare ogni singola volta il cestello.Ma maggiormente diventano utili quando quello che dobbiamo cucinare tende a perdere magari grasso durante la cottura come il pollo e la carne, oppure quando dobbiamo cucinare qualcosa dove c'√® stato messo dell'olio, poich√© sappiamo benissimo che l'olio fa diventare tutto pi√π buono.‚õî Conclusione!‚Ä¢ Super utili.‚Ä¢ Super economiche, dato che ‚Ç¨12 non mi sembrano per niente tanti.‚Ä¢ Anche se ne doveste usare una al giorno per i prossimi quattro mesi siete a posto.‚Ä¢Non ho approfondito dato le utilizzo esclusivamente per la friggitrice, per√≤ essendo della carta da forno nessuno vi vieta di utilizzarle nel forno tradizionale, come nessuno vi vieta di utilizzare sopra una padella, (attenzione per√≤ a non bruciare la carta dato la padella arriva a temperature molto vicine a 220-230 gradi.)Data la mia analisi del prodotto, sono pi√π che felice nel consigliarvi questo prodotto ü•≥.Un caro saluto üòÑ e tanti buoni acquisti.Mi auguro che le mie parole vi siano utili a spendere i vostri soldi pi√π consapevolmente üçÄ.",Recensito in Italia il 30 ottobre 2023,"5,0 su 5 stelle Come preservare la pulizia della vostra friggitrice ad aria!","5,0 su 5 stelle",Recensito in Italia il 30 ottobre 2023
"La friggitrice ad aria √® un bel elettrodomestico ma a seconda di quello che ci si cuoce bisogna pulirla ogni volta, con questi fogli evito di pulirla ad ogni preparazione.Personalmente la uso con una moulinex Easy Fry & Grill XXL 6,5L e calzano a pennello, a prima vista i fogli sembrano sottilissimi ma assicuro che resistono alla cottura ( la foto √® il foglio dopo la cottura) e non lasciano passare eventuali oli di cottura.Con questi fogli evito di doverla pulire nel caso di cotture leggere o di poterla pulire con pi√π facilit√† in caso di cotture molto grasse. Protegge anche i lati del cestello, e impedisce di rovinare a lungo tempo la griglia.Non lascia odori e sapori nel cibo.Sono 120 fogli a 11,98 euro, il prezzo √® onesto mi √® capitato di pagare di pi√π dei semplici foglietti.",Recensito in Italia il 29 ottobre 2023,"5,0 su 5 stelle Mi facilita la vita","5,0 su 5 stelle",Recensito in Italia il 29 ottobre 2023
"Recentemente ho avuto l'opportunit√† di provare questa carta forno pretagliata e preformata ed ecco la mia esperienza personale :Questa carta arriva in una pratica confezione di plastica üì¶ ottima per mantenere la forma e la qualit√† della carta e proteggerla dalla polvere.√à stato un po' laborioso togliere le graffette senza rompere la confezione ma ne valeva la pena.Il formato da 120 pezzi √® molto conveniente per noi che usiamo spesso la friggitrice ad aria.Purtroppo durante la cottura i bordi tendono un po' ad afflosciarsi ma √® un problema che ho riscontrato anche con altre marche.In conclusione √® un ottimo prodotto, e ve lo consiglio! üëç Soprattutto se come me non amate passare il dopocena a pulire il cestello della vostra friggitrice ad aria. üßΩSpero di esserti stato utile, fammelo sapere üëç",Recensito in Italia il 3 novembre 2023,"5,0 su 5 stelle Ottima soluzione per non sporcare troppo la mia friggitrice","5,0 su 5 stelle",Recensito in Italia il 3 novembre 2023
"Ottimi cestelli in carta forno per friggitrice ad aria, in confezione troviamo ben 120 cestelli quadrati con dimensione 20x40cm.Super utili per cuocere o scaldare in friggitrice cose con sughetti vari come lasagne spezzatino ma anche pollo arrosto pesce e cianfotta, senza sporcare il cestello ed evitando che sugo o pezzettini di cibo colino nella parte sottostante finendo sprecati e bruciacchiati creando cattivi odori e sporcizia.Attenzione per√≤ a non usare questi cestelli per patatine e altri fritti come frittura di mare ecc perch√© ovviamente frenano il circolo dell'aria nella parte inferiore rendendo la frittura non omogenea e per nulla saporita.ottima la confezione in plastica rigida in modo da conservare per bene i cestelli senza che si riempino di povere o si danneggino.",Recensito in Italia il 27 ottobre 2023,"5,0 su 5 stelle molto comodi","5,0 su 5 stelle",Recensito in Italia il 27 ottobre 2023
"Ho preso da poco questa carta da forno compatibile per la mia friggitrice ad aria!Sono 120 pezzi totali e devo dire che la qualit√† √® ottima, le misure combaciano perfettamente (20 x 24 cm).Il materiale √® notevole, infatti √© resistente all'olio e all'acqua, ed √® abbastanza spesso quindi penso sia davvero difficile che si buchi.Oltretutto √® anche abbastanza versatile, infatti, pu√≤ essere utilizzato anche in pentole a vapore, in forno o al microonde.Ottimo prodotto per chi vuole mantenere la propria friggitrice pulita o per una maggiore comodit√†!Prodotto al 100% sicuro per gli alimenti e super approvato!",Recensito in Italia il 27 ottobre 2023,"5,0 su 5 stelle Comodo per ottimizzare i tempi","5,0 su 5 stelle",Recensito in Italia il 27 ottobre 2023
"La friggitrice ad aria √® ormai un elettrodomestico indispensabile in casa in quanto permette di cucinare in modo veramente comodo e veloce e per rendere ancora pi√π veloce questo processo ho deciso di ordinare questi contenitori in carta forno in modo da non sporcare la friggitrice e pulirla meno volte.Il prodotto a mio parere √® perfetto per una grandissima variet√† di friggitrici inoltre la quantit√† di contenitori di carta √® davvero ottima considerando il prezzo.Personalmente sono molto soddisfatto di questo prodotto e sicuramente ne ordiner√≤ altri in futuro, ci tengo a precisare che la carta √® molto resistente e assorbe molto l‚Äôunto rendendo anche pi√π sfiziose le pietanze cotte. Ottimo!",Recensito in Italia il 15 novembre 2023,"5,0 su 5 stelle Mai pi√π senza","5,0 su 5 stelle",Recensito in Italia il 15 novembre 2023
"La carta forno per friggitrice ad aria BALITTA √® un prodotto di qualit√† eccezionale che merita una recensione a 5 stelle. Ecco perch√©:Ottima qualit√†: Questi fogli per friggitrice ad aria sono realizzati con materiali di alta qualit√† che li rendono resistenti e durevoli. Puoi utilizzarli senza preoccuparti che si strappino o si rompano durante la cottura.Resistenza ai liquidi: La capacit√† di resistere ai liquidi durante la cottura √® un grande vantaggio. Questo significa che i fogli per friggitrice ad aria rimarranno integri anche quando vengono a contatto con ingredienti umidi o grassi, evitando che il cibo si attacchi alla superficie.Ottimo prezzo: Il rapporto qualit√†-prezzo di questo prodotto √® eccezionale. Ottieni una grande quantit√† di fogli a un prezzo accessibile, il che lo rende conveniente per l'uso quotidiano in cucina.Adatto alla maggior parte delle friggitrici ad aria: I fogli quadrati sono progettati per adattarsi a friggitrici ad aria con dimensioni comprese tra 20-24 cm, il che li rende versatili e adatti alla maggior parte delle macchine disponibili sul mercato.In sintesi, la carta forno per friggitrice ad aria BALITTA offre una combinazione eccezionale di qualit√†, resistenza, prezzo conveniente e adattabilit√†. √à un prodotto ideale per chi utilizza friggitrici ad aria o desidera semplificare la cottura senza sacrificare la qualit√†. Consiglio vivamente questi fogli per friggitrice ad aria a tutti coloro che cercano una soluzione pratica per la cottura con una friggitrice ad aria.",Recensito in Italia il 5 novembre 2023,"5,0 su 5 stelle ottimi per non sporcare la nostra friggitrice","5,0 su 5 stelle",Recensito in Italia il 5 novembre 2023
"Carta forno usabile in vari modi, forno, microonde, cottura a vapore... personalmente l'ho utilizzata con la friggitrice ad aria. I fogli sono abbastanza grandi, pensati probabilmente per friggitrici di grande formato, la mia √® piccola ma essendo carta sottile la adatto facilmente, l'unica cosa che faccio √® ritagliare una striscia di carta su un lato per evitare che possa toccare la resistenza della friggitrice.Sicuramente utile, protegge la friggitrice consentendoci di non lavarla ad ogni utilizzo.",Recensito in Italia il 27 ottobre 2023,"5,0 su 5 stelle Consigliata!","5,0 su 5 stelle",Recensito in Italia il 27 ottobre 2023
"Utilizzando la friggitrice ormai quotidianamente per prepararci qualsiasi cosa che mi venga in mente, non ho esitato nel testare questo contenitori in carta forno prodotti da BALITTA dalla forma quadrata, perfetti per cestelli da 5-7 litri con misurazioni 20-24; personalmente li ho testati su una Aigostar da 7 litri e calzano alla perfezione.La confezione comprende 120 contenitori di carta forno con grammatura molto spessa da 42GSM resistente agli oli, antiaderente, atossica e priva di BPA; il loro bordo alto 4,5 cm protegge anche lateralmente da eventuali schizzi durante la cottura.Hanno un'ottima resistenza al calore, in grado di sopportare temperature fino a 220‚ÑÉ nelle friggitrici pi√π prestanti.Mi ritengo molto soddisfatto, soprattutto per il loro prezzo davvero irrisorio di soli 11,98 euro al momento della mia review, con eventuale coupon del 20%.Sono assolutamente un MUST HAVE, consigliati!",Recensito in Italia il 26 ottobre 2023,"5,0 su 5 stelle SUPER UTILI SU AIGOSTAR DA 7 LT","5,0 su 5 stelle",Recensito in Italia il 26 ottobre 2023
"üó®Ô∏è Ottima carta forno per friggitrici XL a sezione quadrata (24cm x 24cm) come la mia Philips.L'uso di questi contenitori, contrariamente a quanto si potrebbe pensare non √® per NON sporcare il cestello e per la noia di pulirlo, ma bens√¨ per cotture dove √® richiesta una maggior umidit√†. Il grasso infatti non scivoler√† sul fondo del cestello e rimarr√† nella carta forno, combinandosi col cibo in cottura, tenendolo pi√π unto e morbido.Il prezzo da pagare per questa scelta √® una cottura nella parte inferiore pi√π lenta e meno uniforme rispetto al resto del cibo che cuocerete. Nel caso della mia friggitrice infatti, la parte inferiore non possiede una seconda resistenza, ma il calore, divenuto ciclonico, cuoce anche dal basso verso l'alto. Trovando la carta forno, ovviamente non potr√† agire o riuscir√† a farlo con minore intensit√†.Questi contenitori sono utilizzabili ovviamente anche in altri elettrodomestici, primi fra tutti il forno.üì¶ Il packaging √® robusto e costituito da un involucro di plastica dura e trasparente, ahim√®, spillato sui lati, cosa non gradevole in fase di aperturaüëç PREGI‚úÖ Eccezionale rapporto quantit√†/prezzo‚úÖ Efficaci in cotturaüëé DIFETTI‚ùå La loro funzione √® essa stessa il difetto, la cottura inferiore verr√† ritardata‚öñÔ∏è CONCLUSIONEOttima soluzione qualora abbiate come priorit√† la pulizia della friggitrice ad aria, dopo la cottura. Ridurranno drasticamente lo sporco. Riusciranno anche ad ammorbidire e insaporire il cibo in cottura, ingrassandolo e inumidendolo nella parte bassa. Questa √® la chiave di lettura, a mio avviso, per un corretto uso di questa carta forno, che non √® adatta quindi a tutte le pietanzeBuona frittura salutare a tutti...e se vi sono stato utile...",Recensito in Italia il 28 ottobre 2023,"5,0 su 5 stelle 120 Fogli per Friggitrice ad aria XL (6-7 litri) perfette per la mia Philips AirFryer XL","5,0 su 5 stelle",Recensito in Italia il 28 ottobre 2023
"Utilizzo gi√† da tempo questa tipologia di protezione per la mia friggitrice ad aria di forma rotonda e mi ci sono sempre trovato benissimo sin dal primo utilizzo perch√© non bloccano il passaggio del calore e al contempo, trattengono tutti i liquidi di cottura evitando cos√¨ di fare lavaggi approfonditi ad ogni utilizzo della friggitrice.Questi di forma quadrata li ho presi per farli provare a mia sorella incredula che da poco ha preso una friggitrice di questa forma e non aveva calcolato lo stress da lavaggio che questi elettrodomestici vanno a generare dopo i primi utilizzi, perch√© √® anche vero che sono facili da pulire, ma farlo per ogni minima cottura, anche quando √® poca roba, diventa straziante!Lei ne √® rimasta stupita e allo stesso tempo contenta ed io‚Ä¶...spero che mi inviti pi√π spesso a cena.",Recensito in Italia il 4 novembre 2023,"5,0 su 5 stelle Una volta provati, non si torna indietro.","5,0 su 5 stelle",Recensito in Italia il 4 novembre 2023
"Questa carta forno per friggitrice ad aria arriva in una pratica confezione di plastica rigida.Buona la qualit√† dei materiali, si adatta perfettamente a cestelli di friggitrici ad aria medio/grandi.Svolge ottimamente il suo lavoro. Unico neo, a mio avviso, lo spessore, un po' sottile; se fosse stato leggermente pi√π spesso sarebbe stato top ma nel complesso va bene.Prodotto assolutamente consigliato! üëçüîùüíØ",Recensito in Italia il 30 ottobre 2023,"5,0 su 5 stelle Comodo. Si adatta molto bene.","5,0 su 5 stelle",Recensito in Italia il 30 ottobre 2023
"Queste teglie di carta per friggitrice ad aria sono fantastiche! Permettono di non sporcare e ungere il vano cottura ogni volta e i vari cibi vengono comunque corti molto bene, quindi la carta non intacca il livello o la durata della cottura dei prodotti. Super consigliatissime",Recensito in Italia il 11 novembre 2023,"5,0 su 5 stelle Ottimi per friggitrice ad aria","5,0 su 5 stelle",Recensito in Italia il 11 novembre 2023
"‚úÖ ProQuesti 120 fogli quadrati di carta forno sono arrivati ben sistemati in una confezione quadrata di plastica rigida della stessa forma dei fogli.‚ùå ControSono perfetti e utilissimi, non ho nulla da dire negativamente.üì≤ Funzionalit√†Il foglio √® di materiale biodegradabile e sicuro per gli alimenti. Misura 20x24 ed ha un'altezza di 4,5 cm ma si pu√≤ stendere tranquillamente e diventare piatto. Infatti nella mia friggitrice ad aria, per adesso, l'ho utilizzato sui ripiani mettendolo disteso e va perfettamente. Naturalmente i fogli possono essere utilizzati anche nel forno normale, in quello a microonde, ecc... proprio come una semplice carta forno. Questi fogli non impediscono assolutamente al cibo di cucinarsi uniformemente ed evitano di fare rovinare i piani della friggitrice ad aria e di sporcarsi frequentemente. Sono soddisfatto pienamente del prodotto.‚öñÔ∏èil rapporto qualit√†-prezzo √® super ottimo.‚≠ê‚≠ê‚≠ê‚≠ê‚≠êConsiglio l'acquisto",Recensito in Italia il 11 novembre 2023,"4,0 su 5 stelle Ideali per proteggere la vostra airfryer da qualsiasi danno!","4,0 su 5 stelle",Recensito in Italia il 11 novembre 2023
"Carta da forno per friggitrice ad aria BALITTA: avere a disposizione 120 pezzi di carta da forno √® davvero utile perch√© ciascun pezzo ha gi√† una forma arrotondata che si adatta bene alla dimensione del vassoio della friggitrice.Ho una friggitrice ad aria con capienza di 4,5 litri e la dimensione di queste carte da forno √® perfetta. Finora non ho mai sentito l‚Äôesigenza di utilizzare la carta da forno perch√© la friggitrice che ho √® sempre stata piuttosto facile da pulire e lavare, tuttavia vi posso assicurare che una volta provate le carte da forno, non se ne pu√≤ pi√π fare a meno! Utilizzare la friggitrice diventa molto pi√π comodo perch√© non bisogna perdere tempo a pulirla in quanto la carta far√† da protezione al vassoio il quale rimarr√† perfettamente pulito senza neppure un goccio d‚Äôolio.Si tratta di centoventi pezzi, arrivati tutti perfettamente intatti, essi hanno diametro di 20 cm e forma quadrata.Dopo averli testati posso confermarvi che la carta √® davvero impermeabile, resistente all‚Äôolio e antiaderente come dichiarato dal venditore.Si tratta ovviamente di carta per uso alimentare, quindi √® sicura e sana.Cinque stelle meritate.Spero di essere stata imparziale, chiara, completa, ma soprattutto spero di avervi fornito tutte le informazioni necessarie per effettuare una scelta pi√π consapevole, vi ringrazio per aver letto la mia recensione,Alessia",Recensito in Italia il 27 ottobre 2023,"5,0 su 5 stelle Utili, impermeabili e capienti","5,0 su 5 stelle",Recensito in Italia il 27 ottobre 2023
